,Regions,Periods,LiveBornChildren_3,NetMigrationIncludingAdministrative_17
0,Groningen,1960,8868.0,-1748.0
1,Groningen,1961,9062.0,-1087.0
2,Groningen,1962,9165.0,-623.0
3,Groningen,1963,9518.0,547.0
4,Groningen,1964,9671.0,305.0
5,Groningen,1965,9632.0,-148.0
6,Groningen,1966,9558.0,667.0
7,Groningen,1967,9707.0,-1617.0
8,Groningen,1968,9366.0,-2358.0
9,Groningen,1969,10088.0,-1952.0
10,Groningen,1970,9774.0,196.0
11,Groningen,1971,9219.0,-203.0
12,Groningen,1972,8895.0,-200.0
13,Groningen,1973,7776.0,-673.0
14,Groningen,1974,7341.0,921.0
15,Groningen,1975,6952.0,1751.0
16,Groningen,1976,6862.0,2372.0
17,Groningen,1977,6624.0,1764.0
18,Groningen,1978,6716.0,1924.0
19,Groningen,1979,6644.0,793.0
20,Groningen,1980,6898.0,1321.0
21,Groningen,1981,6730.0,531.0
22,Groningen,1982,6648.0,75.0
23,Groningen,1983,6449.0,-686.0
24,Groningen,1984,6366.0,-1665.0
25,Groningen,1985,6537.0,-2203.0
26,Groningen,1986,6551.0,-2835.0
27,Groningen,1987,6515.0,-2789.0
28,Groningen,1988,6298.0,-2743.0
29,Groningen,1989,6284.0,-2319.0
30,Groningen,1990,6640.0,-541.0
31,Groningen,1991,6550.0,-554.0
32,Groningen,1992,6199.0,-392.0
33,Groningen,1993,6248.0,627.0
34,Groningen,1994,6455.0,305.0
35,Groningen,1995,6328.0,-888.0
36,Groningen,1996,6148.0,-616.0
37,Groningen,1997,6336.0,-952.0
38,Groningen,1998,6472.0,992.0
39,Groningen,1999,6515.0,1706.0
40,Groningen,2000,6510.0,2784.0
41,Groningen,2001,6626.0,3085.0
42,Groningen,2002,6523.0,1472.0
43,Groningen,2003,6438.0,288.0
44,Groningen,2004,6141.0,-321.0
45,Groningen,2005,5943.0,-1831.0
46,Groningen,2006,5838.0,-1186.0
47,Groningen,2007,5677.0,-999.0
48,Groningen,2008,5908.0,-166.0
49,Groningen,2009,5910.0,1811.0
50,Groningen,2010,5732.0,1968.0
51,Groningen,2011,5853.0,1232.0
52,Groningen,2012,5604.0,681.0
53,Groningen,2013,5326.0,1078.0
54,Groningen,2014,5414.0,1131.0
55,Groningen,2015,5329.0,-91.0
56,Groningen,2016,5406.0,55.0
57,Groningen,2017,5092.0,-45.0
58,Groningen,2018,4933.0,1744.0
59,Groningen,2019,5042.0,2313.0
60,Groningen,2020,4956.0,1803.0
61,Friesland,1960,10280.0,-4503.0
62,Friesland,1961,10412.0,-3215.0
63,Friesland,1962,10315.0,-2057.0
64,Friesland,1963,10517.0,-2125.0
65,Friesland,1964,10653.0,-1572.0
66,Friesland,1965,10791.0,-1014.0
67,Friesland,1966,10702.0,-675.0
68,Friesland,1967,10720.0,-1082.0
69,Friesland,1968,10843.0,-838.0
70,Friesland,1969,11279.0,-974.0
71,Friesland,1970,10826.0,-752.0
72,Friesland,1971,10436.0,279.0
73,Friesland,1972,9966.0,2039.0
74,Friesland,1973,9019.0,4277.0
75,Friesland,1974,8407.0,3202.0
76,Friesland,1975,8069.0,4211.0
77,Friesland,1976,8046.0,2730.0
78,Friesland,1977,7676.0,4123.0
79,Friesland,1978,7757.0,2904.0
80,Friesland,1979,7930.0,2726.0
81,Friesland,1980,8384.0,2049.0
82,Friesland,1981,8270.0,137.0
83,Friesland,1982,7925.0,258.0
84,Friesland,1983,7839.0,-653.0
85,Friesland,1984,7703.0,-1842.0
86,Friesland,1985,7770.0,-1958.0
87,Friesland,1986,7899.0,-1510.0
88,Friesland,1987,7733.0,-2225.0
89,Friesland,1988,7448.0,-1726.0
90,Friesland,1989,7594.0,-1961.0
91,Friesland,1990,7499.0,-999.0
92,Friesland,1991,7842.0,-521.0
93,Friesland,1992,7587.0,-198.0
94,Friesland,1993,7614.0,1325.0
95,Friesland,1994,7467.0,636.0
96,Friesland,1995,7555.0,764.0
97,Friesland,1996,7424.0,1485.0
98,Friesland,1997,7548.0,1171.0
99,Friesland,1998,7719.0,1151.0
100,Friesland,1999,7799.0,1274.0
101,Friesland,2000,8009.0,3678.0
102,Friesland,2001,7912.0,3546.0
103,Friesland,2002,7987.0,1558.0
104,Friesland,2003,7932.0,-2.0
105,Friesland,2004,7551.0,-1046.0
106,Friesland,2005,7377.0,-2604.0
107,Friesland,2006,7233.0,-1435.0
108,Friesland,2007,7059.0,-680.0
109,Friesland,2008,7026.0,75.0
110,Friesland,2009,7109.0,-16.0
111,Friesland,2010,7012.0,-478.0
112,Friesland,2011,6655.0,-1058.0
113,Friesland,2012,6502.0,-979.0
114,Friesland,2013,6263.0,-919.0
115,Friesland,2014,6310.0,-563.0
116,Friesland,2015,6011.0,-173.0
117,Friesland,2016,6017.0,1117.0
118,Friesland,2017,5967.0,696.0
119,Friesland,2018,5779.0,1049.0
120,Friesland,2019,5957.0,2586.0
121,Friesland,2020,5841.0,2107.0
122,Drenthe,1960,6766.0,-1238.0
123,Drenthe,1961,6871.0,-154.0
124,Drenthe,1962,6774.0,526.0
125,Drenthe,1963,6913.0,990.0
126,Drenthe,1964,7078.0,1502.0
127,Drenthe,1965,7050.0,1487.0
128,Drenthe,1966,7089.0,1259.0
129,Drenthe,1967,6983.0,1706.0
130,Drenthe,1968,7107.0,1505.0
131,Drenthe,1969,7327.0,2347.0
132,Drenthe,1970,7268.0,1696.0
133,Drenthe,1971,6911.0,3238.0
134,Drenthe,1972,6613.0,3322.0
135,Drenthe,1973,6085.0,4420.0
136,Drenthe,1974,5807.0,4532.0
137,Drenthe,1975,5463.0,3183.0
138,Drenthe,1976,5411.0,1884.0
139,Drenthe,1977,5105.0,1261.0
140,Drenthe,1978,5181.0,1120.0
141,Drenthe,1979,5042.0,844.0
142,Drenthe,1980,5352.0,1118.0
143,Drenthe,1981,5186.0,325.0
144,Drenthe,1982,4931.0,-357.0
145,Drenthe,1983,4895.0,1304.0
146,Drenthe,1984,5038.0,768.0
147,Drenthe,1985,5234.0,1057.0
148,Drenthe,1986,5305.0,650.0
149,Drenthe,1987,5247.0,955.0
150,Drenthe,1988,5230.0,1189.0
151,Drenthe,1989,5090.0,773.0
152,Drenthe,1990,5387.0,1117.0
153,Drenthe,1991,5350.0,832.0
154,Drenthe,1992,5250.0,1361.0
155,Drenthe,1993,5412.0,2000.0
156,Drenthe,1994,5256.0,2210.0
157,Drenthe,1995,5305.0,1550.0
158,Drenthe,1996,5349.0,2174.0
159,Drenthe,1997,5421.0,2242.0
160,Drenthe,1998,5640.0,1130.0
161,Drenthe,1999,5770.0,1259.0
162,Drenthe,2000,5822.0,3377.0
163,Drenthe,2001,5842.0,2723.0
164,Drenthe,2002,5763.0,1390.0
165,Drenthe,2003,5516.0,-48.0
166,Drenthe,2004,5320.0,-103.0
167,Drenthe,2005,5099.0,276.0
168,Drenthe,2006,5013.0,933.0
169,Drenthe,2007,4858.0,1382.0
170,Drenthe,2008,4914.0,1280.0
171,Drenthe,2009,5022.0,556.0
172,Drenthe,2010,4750.0,331.0
173,Drenthe,2011,4616.0,-572.0
174,Drenthe,2012,4406.0,-455.0
175,Drenthe,2013,4174.0,-313.0
176,Drenthe,2014,4302.0,-104.0
177,Drenthe,2015,4029.0,1010.0
178,Drenthe,2016,4208.0,4025.0
179,Drenthe,2017,4191.0,1349.0
180,Drenthe,2018,3992.0,1440.0
181,Drenthe,2019,4110.0,2595.0
182,Drenthe,2020,4135.0,2533.0
183,Overijssel,1960,17611.0,572.0
184,Overijssel,1961,17683.0,1003.0
185,Overijssel,1962,17855.0,-763.0
186,Overijssel,1963,18747.0,-881.0
187,Overijssel,1964,19089.0,1096.0
188,Overijssel,1965,18927.0,1136.0
189,Overijssel,1966,18432.0,1098.0
190,Overijssel,1967,18917.0,-3643.0
191,Overijssel,1968,18872.0,-557.0
192,Overijssel,1969,19456.0,1722.0
193,Overijssel,1970,18675.0,854.0
194,Overijssel,1971,17799.0,2405.0
195,Overijssel,1972,17039.0,1234.0
196,Overijssel,1973,15883.0,2289.0
197,Overijssel,1974,15145.0,2912.0
198,Overijssel,1975,14476.0,1911.0
199,Overijssel,1976,14340.0,1156.0
200,Overijssel,1977,14049.0,1893.0
201,Overijssel,1978,14213.0,2151.0
202,Overijssel,1979,14060.0,2456.0
203,Overijssel,1980,14582.0,2962.0
204,Overijssel,1981,14237.0,-168.0
205,Overijssel,1982,13899.0,-1009.0
206,Overijssel,1983,13761.0,-1637.0
207,Overijssel,1984,13731.0,-2250.0
208,Overijssel,1985,14059.0,-1903.0
209,Overijssel,1986,13472.0,310.0
210,Overijssel,1987,13550.0,902.0
211,Overijssel,1988,13243.0,186.0
212,Overijssel,1989,13480.0,921.0
213,Overijssel,1990,13922.0,807.0
214,Overijssel,1991,13679.0,1476.0
215,Overijssel,1992,13893.0,1720.0
216,Overijssel,1993,13845.0,1388.0
217,Overijssel,1994,13853.0,1003.0
218,Overijssel,1995,13231.0,-197.0
219,Overijssel,1996,13314.0,-32.0
220,Overijssel,1997,13533.0,1435.0
221,Overijssel,1998,14088.0,1967.0
222,Overijssel,1999,14284.0,2414.0
223,Overijssel,2000,14924.0,3285.0
224,Overijssel,2001,14562.0,2646.0
225,Overijssel,2002,14663.0,1667.0
226,Overijssel,2003,14857.0,-604.0
227,Overijssel,2004,14098.0,-1005.0
228,Overijssel,2005,13942.0,-690.0
229,Overijssel,2006,13667.0,-1589.0
230,Overijssel,2007,13368.0,-1074.0
231,Overijssel,2008,13411.0,913.0
232,Overijssel,2009,13260.0,757.0
233,Overijssel,2010,13180.0,233.0
234,Overijssel,2011,12651.0,-216.0
235,Overijssel,2012,12367.0,-1263.0
236,Overijssel,2013,12151.0,-2067.0
237,Overijssel,2014,12092.0,-1509.0
238,Overijssel,2015,11765.0,1843.0
239,Overijssel,2016,11728.0,1837.0
240,Overijssel,2017,11345.0,2743.0
241,Overijssel,2018,11178.0,4271.0
242,Overijssel,2019,11225.0,5286.0
243,Overijssel,2020,11099.0,4614.0
244,Flevoland,1960,,
245,Flevoland,1961,,
246,Flevoland,1962,,
247,Flevoland,1963,,
248,Flevoland,1964,,
249,Flevoland,1965,,
250,Flevoland,1966,,
251,Flevoland,1967,,
252,Flevoland,1968,,
253,Flevoland,1969,,
254,Flevoland,1970,,
255,Flevoland,1971,,
256,Flevoland,1972,,
257,Flevoland,1973,,
258,Flevoland,1974,,
259,Flevoland,1975,,
260,Flevoland,1976,,
261,Flevoland,1977,,
262,Flevoland,1978,,
263,Flevoland,1979,,
264,Flevoland,1980,,
265,Flevoland,1981,,
266,Flevoland,1982,,
267,Flevoland,1983,,
268,Flevoland,1984,,
269,Flevoland,1985,,
270,Flevoland,1986,3357.0,5454.0
271,Flevoland,1987,3444.0,5745.0
272,Flevoland,1988,3692.0,6114.0
273,Flevoland,1989,3506.0,6356.0
274,Flevoland,1990,3889.0,7155.0
275,Flevoland,1991,3954.0,8498.0
276,Flevoland,1992,3948.0,7858.0
277,Flevoland,1993,4139.0,7389.0
278,Flevoland,1994,4208.0,5907.0
279,Flevoland,1995,4144.0,7808.0
280,Flevoland,1996,4170.0,5901.0
281,Flevoland,1997,4365.0,8811.0
282,Flevoland,1998,4785.0,10013.0
283,Flevoland,1999,4933.0,7435.0
284,Flevoland,2000,5064.0,8339.0
285,Flevoland,2001,5330.0,9085.0
286,Flevoland,2002,5347.0,6083.0
287,Flevoland,2003,5452.0,4976.0
288,Flevoland,2004,5302.0,2344.0
289,Flevoland,2005,5290.0,1456.0
290,Flevoland,2006,5179.0,468.0
291,Flevoland,2007,5219.0,982.0
292,Flevoland,2008,5101.0,1523.0
293,Flevoland,2009,5292.0,1086.0
294,Flevoland,2010,5310.0,906.0
295,Flevoland,2011,5090.0,624.0
296,Flevoland,2012,4991.0,124.0
297,Flevoland,2013,4687.0,-998.0
298,Flevoland,2014,4922.0,-1183.0
299,Flevoland,2015,4735.0,-210.0
300,Flevoland,2016,4706.0,1415.0
301,Flevoland,2017,4565.0,1582.0
302,Flevoland,2018,4793.0,2581.0
303,Flevoland,2019,4892.0,4073.0
304,Flevoland,2020,4871.0,3066.0
305,Gelderland,1960,27407.0,3072.0
306,Gelderland,1961,28840.0,7563.0
307,Gelderland,1962,29015.0,7261.0
308,Gelderland,1963,29133.0,5484.0
309,Gelderland,1964,29305.0,6147.0
310,Gelderland,1965,28845.0,8073.0
311,Gelderland,1966,28995.0,7112.0
312,Gelderland,1967,28771.0,4999.0
313,Gelderland,1968,28918.0,6493.0
314,Gelderland,1969,30400.0,8283.0
315,Gelderland,1970,29751.0,11208.0
316,Gelderland,1971,28079.0,9713.0
317,Gelderland,1972,26425.0,8864.0
318,Gelderland,1973,24510.0,9808.0
319,Gelderland,1974,23349.0,9211.0
320,Gelderland,1975,22161.0,10137.0
321,Gelderland,1976,22076.0,4868.0
322,Gelderland,1977,21664.0,6093.0
323,Gelderland,1978,21597.0,4438.0
324,Gelderland,1979,21543.0,5323.0
325,Gelderland,1980,22154.0,5712.0
326,Gelderland,1981,21451.0,2177.0
327,Gelderland,1982,20980.0,1092.0
328,Gelderland,1983,20622.0,1682.0
329,Gelderland,1984,21023.0,2828.0
330,Gelderland,1985,21327.0,4740.0
331,Gelderland,1986,22482.0,2975.0
332,Gelderland,1987,22528.0,3601.0
333,Gelderland,1988,22522.0,3405.0
334,Gelderland,1989,22836.0,2188.0
335,Gelderland,1990,23891.0,4349.0
336,Gelderland,1991,24190.0,3305.0
337,Gelderland,1992,23548.0,3349.0
338,Gelderland,1993,23620.0,4762.0
339,Gelderland,1994,23792.0,5297.0
340,Gelderland,1995,23312.0,4458.0
341,Gelderland,1996,23171.0,2856.0
342,Gelderland,1997,23461.0,2844.0
343,Gelderland,1998,24425.0,3188.0
344,Gelderland,1999,24508.0,4594.0
345,Gelderland,2000,25370.0,6378.0
346,Gelderland,2001,24626.0,6423.0
347,Gelderland,2002,24826.0,3406.0
348,Gelderland,2003,24271.0,-643.0
349,Gelderland,2004,23235.0,-2279.0
350,Gelderland,2005,22202.0,-2100.0
351,Gelderland,2006,22213.0,-3012.0
352,Gelderland,2007,21191.0,-687.0
353,Gelderland,2008,21695.0,1361.0
354,Gelderland,2009,21350.0,2622.0
355,Gelderland,2010,21142.0,1450.0
356,Gelderland,2011,20557.0,2066.0
357,Gelderland,2012,19835.0,2479.0
358,Gelderland,2013,19683.0,1517.0
359,Gelderland,2014,19851.0,4022.0
360,Gelderland,2015,19525.0,7100.0
361,Gelderland,2016,19499.0,11224.0
362,Gelderland,2017,19534.0,11378.0
363,Gelderland,2018,19347.0,11513.0
364,Gelderland,2019,19426.0,13640.0
365,Gelderland,2020,19885.0,11757.0
366,Utrecht,1960,14257.0,652.0
367,Utrecht,1961,14876.0,1652.0
368,Utrecht,1962,14708.0,2755.0
369,Utrecht,1963,15053.0,2626.0
370,Utrecht,1964,15207.0,3892.0
371,Utrecht,1965,14970.0,3568.0
372,Utrecht,1966,14550.0,3953.0
373,Utrecht,1967,14623.0,2590.0
374,Utrecht,1968,14723.0,7636.0
375,Utrecht,1969,15912.0,7645.0
376,Utrecht,1970,15111.0,2620.0
377,Utrecht,1971,14390.0,3282.0
378,Utrecht,1972,13517.0,4753.0
379,Utrecht,1973,12270.0,5420.0
380,Utrecht,1974,11575.0,3572.0
381,Utrecht,1975,11229.0,6455.0
382,Utrecht,1976,11142.0,1718.0
383,Utrecht,1977,10849.0,815.0
384,Utrecht,1978,11046.0,2999.0
385,Utrecht,1979,11165.0,5326.0
386,Utrecht,1980,11606.0,7629.0
387,Utrecht,1981,11625.0,4380.0
388,Utrecht,1982,11203.0,2365.0
389,Utrecht,1983,11296.0,2053.0
390,Utrecht,1984,11758.0,2494.0
391,Utrecht,1985,11797.0,3740.0
392,Utrecht,1986,12588.0,4703.0
393,Utrecht,1987,12733.0,6264.0
394,Utrecht,1988,12845.0,5622.0
395,Utrecht,1989,13669.0,5503.0
396,Utrecht,1990,14149.0,5462.0
397,Utrecht,1991,14371.0,4498.0
398,Utrecht,1992,14369.0,3661.0
399,Utrecht,1993,14318.0,3515.0
400,Utrecht,1994,14141.0,1504.0
401,Utrecht,1995,13930.0,1911.0
402,Utrecht,1996,14186.0,3529.0
403,Utrecht,1997,14359.0,3055.0
404,Utrecht,1998,15030.0,3881.0
405,Utrecht,1999,15370.0,2731.0
406,Utrecht,2000,16080.0,3025.0
407,Utrecht,2001,15807.0,4197.0
408,Utrecht,2002,16101.0,5196.0
409,Utrecht,2003,16222.0,2292.0
410,Utrecht,2004,15771.0,1709.0
411,Utrecht,2005,15395.0,1537.0
412,Utrecht,2006,15423.0,3509.0
413,Utrecht,2007,15453.0,3177.0
414,Utrecht,2008,15456.0,2371.0
415,Utrecht,2009,15462.0,2796.0
416,Utrecht,2010,15429.0,1222.0
417,Utrecht,2011,14829.0,2342.0
418,Utrecht,2012,14878.0,2275.0
419,Utrecht,2013,14313.0,3115.0
420,Utrecht,2014,14821.0,4138.0
421,Utrecht,2015,14371.0,5156.0
422,Utrecht,2016,14465.0,6018.0
423,Utrecht,2017,14532.0,6162.0
424,Utrecht,2018,14354.0,6946.0
425,Utrecht,2019,14935.0,7962.0
426,Utrecht,2020,14776.0,2758.0
427,Noord-Holland,1960,38694.0,-3032.0
428,Noord-Holland,1961,40262.0,2108.0
429,Noord-Holland,1962,40294.0,2917.0
430,Noord-Holland,1963,40945.0,-1185.0
431,Noord-Holland,1964,41035.0,-4695.0
432,Noord-Holland,1965,38921.0,-1696.0
433,Noord-Holland,1966,37855.0,535.0
434,Noord-Holland,1967,37516.0,-3039.0
435,Noord-Holland,1968,37233.0,-2874.0
436,Noord-Holland,1969,38444.0,-3315.0
437,Noord-Holland,1970,36691.0,-31.0
438,Noord-Holland,1971,35252.0,-876.0
439,Noord-Holland,1972,33298.0,-1852.0
440,Noord-Holland,1973,29983.0,-9551.0
441,Noord-Holland,1974,28327.0,-4680.0
442,Noord-Holland,1975,27224.0,4866.0
443,Noord-Holland,1976,26987.0,-1013.0
444,Noord-Holland,1977,26598.0,-7031.0
445,Noord-Holland,1978,26783.0,-6807.0
446,Noord-Holland,1979,26333.0,2334.0
447,Noord-Holland,1980,27360.0,733.0
448,Noord-Holland,1981,26519.0,-9615.0
449,Noord-Holland,1982,25615.0,-9314.0
450,Noord-Holland,1983,25271.0,-5456.0
451,Noord-Holland,1984,26067.0,-1417.0
452,Noord-Holland,1985,26875.0,5177.0
453,Noord-Holland,1986,27659.0,5251.0
454,Noord-Holland,1987,28804.0,10694.0
455,Noord-Holland,1988,29279.0,4453.0
456,Noord-Holland,1989,29774.0,2820.0
457,Noord-Holland,1990,31372.0,11440.0
458,Noord-Holland,1991,31489.0,14736.0
459,Noord-Holland,1992,31590.0,8693.0
460,Noord-Holland,1993,31586.0,8547.0
461,Noord-Holland,1994,31541.0,-1931.0
462,Noord-Holland,1995,30641.0,-4014.0
463,Noord-Holland,1996,30329.0,-2685.0
464,Noord-Holland,1997,31053.0,1377.0
465,Noord-Holland,1998,32266.0,6128.0
466,Noord-Holland,1999,32291.0,4098.0
467,Noord-Holland,2000,33618.0,4454.0
468,Noord-Holland,2001,32953.0,4139.0
469,Noord-Holland,2002,32771.0,3068.0
470,Noord-Holland,2003,32877.0,1307.0
471,Noord-Holland,2004,32270.0,-240.0
472,Noord-Holland,2005,31706.0,-3938.0
473,Noord-Holland,2006,30456.0,-4185.0
474,Noord-Holland,2007,30510.0,2571.0
475,Noord-Holland,2008,30845.0,9710.0
476,Noord-Holland,2009,31355.0,10958.0
477,Noord-Holland,2010,31593.0,11882.0
478,Noord-Holland,2011,30336.0,8815.0
479,Noord-Holland,2012,29791.0,6759.0
480,Noord-Holland,2013,29312.0,9595.0
481,Noord-Holland,2014,29959.0,12106.0
482,Noord-Holland,2015,29509.0,16392.0
483,Noord-Holland,2016,29876.0,18068.0
484,Noord-Holland,2017,29393.0,15255.0
485,Noord-Holland,2018,29253.0,16447.0
486,Noord-Holland,2019,29254.0,20049.0
487,Noord-Holland,2020,29031.0,5517.0
488,Zuid-Holland,1960,52036.0,-3114.0
489,Zuid-Holland,1961,54114.0,-3468.0
490,Zuid-Holland,1962,53833.0,-31.0
491,Zuid-Holland,1963,55295.0,-2173.0
492,Zuid-Holland,1964,54855.0,-2590.0
493,Zuid-Holland,1965,53426.0,-1507.0
494,Zuid-Holland,1966,51201.0,-272.0
495,Zuid-Holland,1967,51184.0,-6946.0
496,Zuid-Holland,1968,50898.0,-4738.0
497,Zuid-Holland,1969,53515.0,-2767.0
498,Zuid-Holland,1970,52061.0,1298.0
499,Zuid-Holland,1971,49566.0,-1528.0
500,Zuid-Holland,1972,46000.0,-13327.0
501,Zuid-Holland,1973,41529.0,-15534.0
502,Zuid-Holland,1974,39712.0,-8026.0
503,Zuid-Holland,1975,38114.0,13097.0
504,Zuid-Holland,1976,37873.0,-9240.0
505,Zuid-Holland,1977,37418.0,-8179.0
506,Zuid-Holland,1978,38030.0,-1041.0
507,Zuid-Holland,1979,37887.0,8311.0
508,Zuid-Holland,1980,39581.0,10365.0
509,Zuid-Holland,1981,39668.0,1918.0
510,Zuid-Holland,1982,37605.0,-1934.0
511,Zuid-Holland,1983,37637.0,-1352.0
512,Zuid-Holland,1984,38823.0,499.0
513,Zuid-Holland,1985,39465.0,6959.0
514,Zuid-Holland,1986,41238.0,8861.0
515,Zuid-Holland,1987,41531.0,8364.0
516,Zuid-Holland,1988,42017.0,6434.0
517,Zuid-Holland,1989,42030.0,6428.0
518,Zuid-Holland,1990,44043.0,10675.0
519,Zuid-Holland,1991,44312.0,10939.0
520,Zuid-Holland,1992,43495.0,9517.0
521,Zuid-Holland,1993,43003.0,5696.0
522,Zuid-Holland,1994,42598.0,-1589.0
523,Zuid-Holland,1995,41013.0,-3387.0
524,Zuid-Holland,1996,40841.0,77.0
525,Zuid-Holland,1997,41642.0,2620.0
526,Zuid-Holland,1998,42761.0,7375.0
527,Zuid-Holland,1999,43050.0,6434.0
528,Zuid-Holland,2000,44022.0,9579.0
529,Zuid-Holland,2001,43416.0,8792.0
530,Zuid-Holland,2002,43195.0,3249.0
531,Zuid-Holland,2003,42563.0,-1431.0
532,Zuid-Holland,2004,42046.0,-7560.0
533,Zuid-Holland,2005,40691.0,-11922.0
534,Zuid-Holland,2006,40354.0,-16599.0
535,Zuid-Holland,2007,39465.0,-5530.0
536,Zuid-Holland,2008,40983.0,6187.0
537,Zuid-Holland,2009,41087.0,10259.0
538,Zuid-Holland,2010,41387.0,10260.0
539,Zuid-Holland,2011,41408.0,10994.0
540,Zuid-Holland,2012,40814.0,52.0
541,Zuid-Holland,2013,39350.0,2884.0
542,Zuid-Holland,2014,40779.0,10953.0
543,Zuid-Holland,2015,39337.0,13457.0
544,Zuid-Holland,2016,40155.0,18680.0
545,Zuid-Holland,2017,39428.0,22523.0
546,Zuid-Holland,2018,39316.0,20612.0
547,Zuid-Holland,2019,39290.0,26509.0
548,Zuid-Holland,2020,38598.0,13696.0
549,Zeeland,1960,5392.0,-2680.0
550,Zeeland,1961,5316.0,-2277.0
551,Zeeland,1962,5119.0,-1523.0
552,Zeeland,1963,5537.0,-962.0
553,Zeeland,1964,5521.0,-212.0
554,Zeeland,1965,5324.0,-443.0
555,Zeeland,1966,5305.0,647.0
556,Zeeland,1967,5361.0,534.0
557,Zeeland,1968,5490.0,807.0
558,Zeeland,1969,5890.0,946.0
559,Zeeland,1970,5530.0,2041.0
560,Zeeland,1971,5528.0,3118.0
561,Zeeland,1972,5092.0,1376.0
562,Zeeland,1973,4870.0,1706.0
563,Zeeland,1974,4526.0,2199.0
564,Zeeland,1975,4344.0,4625.0
565,Zeeland,1976,4363.0,2240.0
566,Zeeland,1977,4238.0,3248.0
567,Zeeland,1978,4375.0,3107.0
568,Zeeland,1979,4318.0,2746.0
569,Zeeland,1980,4654.0,1927.0
570,Zeeland,1981,4521.0,893.0
571,Zeeland,1982,4572.0,-223.0
572,Zeeland,1983,4302.0,-300.0
573,Zeeland,1984,4373.0,-1185.0
574,Zeeland,1985,4390.0,-727.0
575,Zeeland,1986,4505.0,-1256.0
576,Zeeland,1987,4278.0,-959.0
577,Zeeland,1988,4209.0,-741.0
578,Zeeland,1989,4240.0,-311.0
579,Zeeland,1990,4504.0,362.0
580,Zeeland,1991,4502.0,641.0
581,Zeeland,1992,4554.0,925.0
582,Zeeland,1993,4377.0,1920.0
583,Zeeland,1994,4515.0,863.0
584,Zeeland,1995,4353.0,703.0
585,Zeeland,1996,4396.0,244.0
586,Zeeland,1997,4365.0,681.0
587,Zeeland,1998,4429.0,-84.0
588,Zeeland,1999,4320.0,589.0
589,Zeeland,2000,4489.0,2231.0
590,Zeeland,2001,4320.0,1598.0
591,Zeeland,2002,4245.0,615.0
592,Zeeland,2003,4199.0,23.0
593,Zeeland,2004,4088.0,417.0
594,Zeeland,2005,3913.0,-94.0
595,Zeeland,2006,3817.0,56.0
596,Zeeland,2007,3751.0,-187.0
597,Zeeland,2008,3907.0,20.0
598,Zeeland,2009,3728.0,150.0
599,Zeeland,2010,3697.0,193.0
600,Zeeland,2011,3762.0,-219.0
601,Zeeland,2012,3635.0,-199.0
602,Zeeland,2013,3513.0,-146.0
603,Zeeland,2014,3647.0,-12.0
604,Zeeland,2015,3604.0,850.0
605,Zeeland,2016,3459.0,741.0
606,Zeeland,2017,3439.0,1263.0
607,Zeeland,2018,3378.0,1377.0
608,Zeeland,2019,3422.0,966.0
609,Zeeland,2020,3424.0,2638.0
610,Noord-Brabant,1960,35677.0,1973.0
611,Noord-Brabant,1961,37126.0,3339.0
612,Noord-Brabant,1962,36891.0,5445.0
613,Noord-Brabant,1963,37250.0,4244.0
614,Noord-Brabant,1964,37822.0,5780.0
615,Noord-Brabant,1965,37103.0,5929.0
616,Noord-Brabant,1966,35993.0,5691.0
617,Noord-Brabant,1967,35550.0,271.0
618,Noord-Brabant,1968,35258.0,5280.0
619,Noord-Brabant,1969,36628.0,9485.0
620,Noord-Brabant,1970,35335.0,8844.0
621,Noord-Brabant,1971,33225.0,10060.0
622,Noord-Brabant,1972,31692.0,10744.0
623,Noord-Brabant,1973,29069.0,14464.0
624,Noord-Brabant,1974,28210.0,14979.0
625,Noord-Brabant,1975,26749.0,12996.0
626,Noord-Brabant,1976,26828.0,10519.0
627,Noord-Brabant,1977,26294.0,7274.0
628,Noord-Brabant,1978,26523.0,6660.0
629,Noord-Brabant,1979,26462.0,7318.0
630,Noord-Brabant,1980,26924.0,7512.0
631,Noord-Brabant,1981,26445.0,1261.0
632,Noord-Brabant,1982,25109.0,-2264.0
633,Noord-Brabant,1983,24371.0,-859.0
634,Noord-Brabant,1984,25264.0,-514.0
635,Noord-Brabant,1985,25933.0,782.0
636,Noord-Brabant,1986,26723.0,3729.0
637,Noord-Brabant,1987,27308.0,4687.0
638,Noord-Brabant,1988,26878.0,4915.0
639,Noord-Brabant,1989,27596.0,5559.0
640,Noord-Brabant,1990,28974.0,6689.0
641,Noord-Brabant,1991,28941.0,4076.0
642,Noord-Brabant,1992,29269.0,5894.0
643,Noord-Brabant,1993,28681.0,5245.0
644,Noord-Brabant,1994,29085.0,4711.0
645,Noord-Brabant,1995,28227.0,4126.0
646,Noord-Brabant,1996,28093.0,3423.0
647,Noord-Brabant,1997,28376.0,4745.0
648,Noord-Brabant,1998,29348.0,8014.0
649,Noord-Brabant,1999,29392.0,7659.0
650,Noord-Brabant,2000,30476.0,7220.0
651,Noord-Brabant,2001,29325.0,5215.0
652,Noord-Brabant,2002,29178.0,-1040.0
653,Noord-Brabant,2003,28780.0,-3402.0
654,Noord-Brabant,2004,27432.0,-4918.0
655,Noord-Brabant,2005,26301.0,-3194.0
656,Noord-Brabant,2006,26007.0,-4403.0
657,Noord-Brabant,2007,25327.0,-1272.0
658,Noord-Brabant,2008,25987.0,2624.0
659,Noord-Brabant,2009,25599.0,2877.0
660,Noord-Brabant,2010,25545.0,4070.0
661,Noord-Brabant,2011,25015.0,4180.0
662,Noord-Brabant,2012,24027.0,3691.0
663,Noord-Brabant,2013,23558.0,5198.0
664,Noord-Brabant,2014,24243.0,6063.0
665,Noord-Brabant,2015,23556.0,8366.0
666,Noord-Brabant,2016,24007.0,12149.0
667,Noord-Brabant,2017,23529.0,15024.0
668,Noord-Brabant,2018,23492.0,16233.0
669,Noord-Brabant,2019,23459.0,17606.0
670,Noord-Brabant,2020,23413.0,14179.0
671,Limburg,1960,20622.0,-2461.0
672,Limburg,1961,21213.0,1761.0
673,Limburg,1962,20618.0,2672.0
674,Limburg,1963,20657.0,972.0
675,Limburg,1964,20342.0,2486.0
676,Limburg,1965,19822.0,1939.0
677,Limburg,1966,19499.0,-1163.0
678,Limburg,1967,18844.0,-6452.0
679,Limburg,1968,17900.0,-6155.0
680,Limburg,1969,18044.0,-2836.0
681,Limburg,1970,17291.0,3845.0
682,Limburg,1971,16081.0,1311.0
683,Limburg,1972,14937.0,772.0
684,Limburg,1973,13350.0,2169.0
685,Limburg,1974,12916.0,80.0
686,Limburg,1975,12331.0,3384.0
687,Limburg,1976,12259.0,-251.0
688,Limburg,1977,11829.0,1183.0
689,Limburg,1978,12202.0,359.0
690,Limburg,1979,12314.0,-899.0
691,Limburg,1980,12349.0,18.0
692,Limburg,1981,12222.0,-244.0
693,Limburg,1982,11677.0,-167.0
694,Limburg,1983,11664.0,-418.0
695,Limburg,1984,12045.0,-1311.0
696,Limburg,1985,12332.0,-784.0
697,Limburg,1986,12724.0,-338.0
698,Limburg,1987,12989.0,-206.0
699,Limburg,1988,12979.0,85.0
700,Limburg,1989,12875.0,724.0
701,Limburg,1990,13690.0,1690.0
702,Limburg,1991,13479.0,1559.0
703,Limburg,1992,13029.0,954.0
704,Limburg,1993,12899.0,2285.0
705,Limburg,1994,12700.0,1627.0
706,Limburg,1995,12474.0,1070.0
707,Limburg,1996,12100.0,448.0
708,Limburg,1997,11984.0,-142.0
709,Limburg,1998,12445.0,-637.0
710,Limburg,1999,12213.0,179.0
711,Limburg,2000,12235.0,-477.0
712,Limburg,2001,11884.0,-611.0
713,Limburg,2002,11484.0,-2332.0
714,Limburg,2003,11190.0,-3073.0
715,Limburg,2004,10753.0,-3214.0
716,Limburg,2005,10051.0,-4324.0
717,Limburg,2006,9857.0,-3877.0
718,Limburg,2007,9458.0,-3440.0
719,Limburg,2008,9401.0,-161.0
720,Limburg,2009,9741.0,625.0
721,Limburg,2010,9620.0,1044.0
722,Limburg,2011,9288.0,1580.0
723,Limburg,2012,9109.0,718.0
724,Limburg,2013,9011.0,159.0
725,Limburg,2014,8841.0,45.0
726,Limburg,2015,8739.0,1406.0
727,Limburg,2016,8994.0,3865.0
728,Limburg,2017,8821.0,2735.0
729,Limburg,2018,8710.0,2158.0
730,Limburg,2019,8668.0,4450.0
731,Limburg,2020,8652.0,3691.0
